<?xml version="1.0" encoding="UTF-8"?>
<project-private xmlns="http://www.netbeans.org/ns/project-private/1">
    <editor-bookmarks xmlns="http://www.netbeans.org/ns/editor-bookmarks/2" lastBookmarkId="0"/>
    <open-files xmlns="http://www.netbeans.org/ns/projectui-open-files/2">
        <group>
            <file>file:/C:/Users/himanshi%20sharma/Documents/NetBeansProjects/LibraryManagement/src/librarymanagement/PaperBoundBookEnterDetails.java</file>
            <file>file:/C:/Users/himanshi%20sharma/Documents/NetBeansProjects/LibraryManagement/src/librarymanagement/DigitalBookEnterDetails.java</file>
            <file>file:/C:/Users/himanshi%20sharma/Documents/NetBeansProjects/LibraryManagement/src/librarymanagement/RemovePaperBoundBook.java</file>
            <file>file:/C:/Users/himanshi%20sharma/Documents/NetBeansProjects/LibraryManagement/src/librarymanagement/ConnectionClass.java</file>
            <file>file:/C:/Users/himanshi%20sharma/Documents/NetBeansProjects/LibraryManagement/src/librarymanagement/MainFrame.java</file>
            <file>file:/C:/Users/himanshi%20sharma/Documents/NetBeansProjects/LibraryManagement/src/librarymanagement/LendPaperBoundBook.java</file>
            <file>file:/C:/Users/himanshi%20sharma/Documents/NetBeansProjects/LibraryManagement/src/librarymanagement/PaperBound.java</file>
            <file>file:/C:/Users/himanshi%20sharma/Documents/NetBeansProjects/LibraryManagement/src/librarymanagement/RemoveDigitalBook.java</file>
            <file>file:/C:/Users/himanshi%20sharma/Documents/NetBeansProjects/LibraryManagement/src/librarymanagement/LendDigitalBook.java</file>
        </group>
    </open-files>
</project-private>
